name,phone,address,menu
화실,0507-1397-2490,서울 노원구 한글비석로20길 62 송림빌딩 101호,사태&스지 찜 [계절안주] 제철 대하탕 불고기 트러플 크림 파케리™ [계절안주] 토마토 홍합탕 청어알 들기름 냉파스타 명란감자구이 [계절안주] 새우 리조또 들기름 메밀면과 두부구이 청어알 두부쌈 인절미 젤라또 
막끌리네,02-555-8861,서울 강남구 삼성로104길 17,"차돌박이육전 꼬막 살얼음생막걸리 살얼음밤막걸리 프리미엄막걸리 홍어삼합 닭볶음탕(빨간닭,노란닭,까만닭) 도토리묵무침 묵사발 감자전 굴전 고추장찌개 김치제육볶음&두부한모 치즈감자전 김치보쌈 "
신라의달밤,032-516-0365,인천 부평구 광장로30번길 23,오징어무침 도토리무침 골뱅이무침 묵사발 가오리찜 
시골막걸리,032-655-3147,경기 부천시 석천로2번길 64,
교동전선생 광화문점,02-737-4042,서울 종로구 새문안로5가길 3 성보빌딩2층,모듬전 육전 해물파전 굴전 
뒷골목전집,070-4064-2747,경기 수원시 권선구 권광로56번길 17,감자전 안주류 
막걸리집 갈매기의꿈,032-433-2030,인천 남동구 문화로89번길 8-3,두부만두전골 (대) 두부만두전골 (중) 두부보쌈 (대) 두부보쌈 (중) 두부김치/ 두부샐러드/ 해물순두부 두부젓국탕 함박갈매기 치즈계란말이 두부피자 모듬전 해물파전 동태전/ 감자전 김치전 홍어전 모듬안주 4인
신당 다락 이팅로프트,0507-1393-6822,서울 중구 퇴계로90길 14-3,해물 순두부찌개 족조림 아롱사태스지수육 칼뱅이 동래해물파전 장땡이 버섯스지전골 보들탕 곰소 젓갈과 흑임자 두부 주인맘 디쉬 
막걸리이야기 서초점,02-522-1516,서울 서초구 반포대로28길 21-12,감자채전 통영가리비찜 
초가집,02-2606-7747,서울 강서구 강서로5나길 50 일성스카이빌,해물파전 
교동전선생 강남쌍용점,02-565-0850,서울 강남구 테헤란로4길 46 138호,모듬전 눈꽃감자전 김치전 해물파전 불고기파전 
강화찬우물고향생막걸리 가산직영점,02-854-4674,서울 금천구 벚꽃로38길 32,모듬전 홍어전 해물파전 전병 김치전 미나리전 부추전 고향세트 홍어삼합(편육) 묵은지홍어사시미 
물뛴다,02-392-4200,서울 서대문구 경기대로 43,물뛴다 샘플러 저녁) 김치생두부 점심) 두부명란젓국 점심) 소고기뭇국 점심) 한우제물국시 저녁) 몬트락보쌈 두부김치찌개2-3인 두부김치찌개 3-4인 민어찜 정식 얼큰돼지찌개 두부젓국 콩국수 강된장 비빔밥 수제 두부김치 수제두부전
월선네 모란역점,031-745-0040,경기 성남시 중원구 산성대로80번길 8 프레젠티아,월선네한우국밥 청국장과황태구이 청국장과제육볶음 홍어삼합-소 닭볶음탕-소 제육볶음 두부랑김치 황태구이 동태전 황태전 모듬전 해물파전 
전통주점 꿀막,0507-1328-7115,서울 은평구 진흥로 185 1층,차돌순두부전골 제육볶음 해물파전 두부김치제육 
포천이동생막걸리,032-582-5558,인천 서구 가정로 180,
싸립문을밀고들어서니,0507-1307-5917,서울 종로구 인사동길 15-11,부추전 김치전 도토리묵 두부김치 치즈불닭 
동동이네,032-773-7366,인천 중구 우현로67번길 33,미니닭꼬치 모듬소세지 골뱅이소면 두부김치 왕새우튀김 
양산골주막,031-377-7371,경기 오산시 한신대길 113,
막걸리나 2호점,,경기 시흥시 호현로22번길 20,
부쳐부쳐부침개,031-465-9995,경기 안양시 만안구 안양로405번길 24,모듬전 동태전 녹두전 김치전 감자전 동태탕 메밀전병 닭발 
뉴욕막걸리,0507-1334-4878,서울 마포구 양화로6길 21 1층 별관 뉴욕막걸리,오징어순대 고기 김치전 고기 녹두전 해물파전 감자전 도토리묵 골뱅이무침 숯불 춘천닭갈비 더덕구이 숯불 두루치기 해물떡볶이 명란구이 두부김치 얼큰 알탕 해물 계란탕 
교동전선생 잠실점,02-424-1202,서울 송파구 올림픽로35가길 9 잠실 푸르지오 월드마크,모듬전 
열차집,02-734-2849,서울 종로구 종로7길 47,"원조빈대떡(3장) 굴전 해물파전 조개탕 두부전, 데침 고기 빈대떡(3장)"
옛고을주막,031-466-8600,경기 안양시 동안구 평촌대로223번길 65 범계빌딩 B04호,해물파전 
늘마중,02-730-2985,서울 종로구 인사동10길 11-5 1층,
주막집,032-832-8494,인천 연수구 청학로6번길 86,번게기탕 두부탕 돼지김치찌개 코다리조림 닭볶음탕 가자미구이 갈치구이 
전주전통막걸리,02-532-8584,서울 서초구 사평대로 362 1층 102호,도토리묵무침 사계절주 꼬막데침.무침 홍어삼합.찜(중) 해물파전 부추전 감자전 목살고추장찌개 대구탕 십칠주 백수환동주 무영막걸리 마막걸리 감칠주 
행복한집,02-747-2324,서울 종로구 돈화문로11길 20,
흰고개검은고개,032-881-2493,인천 미추홀구 석정로 204,
속에천불청송얼음막걸리 신대방점,0507-1357-5576,서울 관악구 조원중앙로 50,누룽지감자전 두부김치 똥집볶음 무뼈닭발 골뱅이 무침 해물파전 매생이굴전 정구지전 김치전 야채고추전 돌미나리전 메밀전병 제육볶음 오돌뼈 볶음 낚지볶음 
왕빈자전통주막 화랑대본점,0507-1460-3233,서울 노원구 노원로 3 1층 104호,오징어순대 모듬전 매콤찍먹전 베이컨김치치즈전 불고기치즈파전 치즈감자전 허니치즈고구마전 해물파전 갑오징어숙회 골뱅이무침 시골돼지애호박찌개 삼겹두부김치 
방자전,031-613-2752,경기 화성시 동탄중심상가2길 29 세림프라자 104호,
정작가의 막걸리집 1호점 정말작은가게,0507-1403-1048,서울 동작구 동작대로33가길 5 1층,순대크림스튜 수소문 
본동 주막,0507-1370-8988,서울 강서구 화곡로 194-5 1층 본동주막,미니전 만두속전 깻잎전 동태전 굴전 골뱅이 무침 도토리묵 무침 오징어순대 떡갈비 삼겹야채볶음 항정살양념구이 김치찌개 오뎅탕 떡볶이 파김치 
취아전,032-466-6573,인천 남동구 담방로48번길 13-5,해물파전 김치해물전 부추전 두부전 박대구이 
원두막,,인천 미추홀구 미추홀대로734번길 36,세트A 세트B 세트C 세트D 김치전/부추전/호박채전/옛날소세지전 계란후라이/계란말이 닭도리탕  대 감자탕   대 
교동전선생 천호역점,02-6101-9293,서울 강동구 올림픽로70길 33 교동전선생,모둠전(소) 골뱅이소면 목살김치찌개 고추장불고기 얼큰김치칼제비 해물파전 수육정식 제육정식 
향꽃,0504-1845-4064,서울 서대문구 연세로7안길 39,
청산에물흐르고,031-245-1004,경기 수원시 영통구 영통로214번길 41 토야 플라자,닭도리탕 김치찌개 바지락술국 해물파전 제육볶음 쭈꾸미볶음 골뱅이무침 먹태 
산넘어남촌에는,031-474-9799,경기 안양시 만안구 예술공원로 189,해물미나리전 해물부추전 해물김치전 매생이전 
교동전선생 서소문점,02-310-9909,서울 중구 서소문로 134-10,김치찌개 정식 된장찌개 정식 순두부찌개 정식 계란찜 정식 모듬전 고추장불고기정식 
총각집,0507-1416-9212,"서울 광진구 아차산로55길 30 1층 총각집, 구의역 2번출구 도보3분강변역4번출구 도보 17분",골뱅이무침(ft.파스타) 수제고추튀김 수육과 김치 순두부버섯전골 마른안주3종 해물파전과 야채무침 한우육회물회 바지락술찜 우삼겹폭탄비빔라면 두부강정 에그베이컨감자채전과 야채무침 두부전과 어리굴젓 닭곱창튀김 과메기
지짐이랑막걸리랑,,경기 부천시 부광로 9,고등어구이 핫숯불모듬소세지 담백한삼치모듬구이 임연수구이 서대구이 
토담골,031-981-7993,경기 김포시 돌문로62번길 5-14,
막걸리촌,02-2633-9289,서울 영등포구 당산로49길 8,
민속주점 초가삼간,02-711-3391,서울 마포구 도화길 14-4,파전 햄구이 김치전 부추전 호박전 
전이랑막걸리랑,032-812-0208,인천 연수구 먼우금로252번길 27-1,
전초전,02-2207-8892,서울 중랑구 사가정로51길 39,
청사초롱,02-474-7456,서울 강동구 진황도로 4,
죽마고우,031-244-5568,경기 수원시 팔달구 화양로35번길 14-1,
막리단길 동탄산척점,031-375-7537,경기 화성시 동탄산척로2가길 34 103호,막리단길 쟁반술상 
막걸리전당,0507-1407-7103,서울 관악구 봉천로 461-1 1층,국산전두부와볶음김치 *SIGNATURE 전당모듬전 *BEST 옛날모듬전 체다듬뿍감자전 전당쌀떡볶이 골뱅이무침 한돈육전 홍어무침 모짜렐라김치전 내맘대로세가지전 송명섭막걸리 해창막걸리9도 칠곡신동막걸리 금정산성막걸리 복순도가 샴페인 막걸리
옹기종기,02-928-3833,서울 성북구 동소문로24가길 21,햄치즈순두부 해물순두부 해물집된장 전주콩나물국밥 얼큰육개장 
지화자,0507-1397-0241,서울 성북구 돌곶이로 197 1층,육회 아롱사태수육 소고기찜 참소라무침 쭈꾸미볶음 치즈감자전 닭발편육 청어알두부쌈 
월선네 압구정점,02-546-0059,서울 강남구 논현로 874 진성빌딩,월선네국밥 육개장 전고추장찌개 들깨수제비 바지락수제비 제육쌈정식 청국장 묵사발정식 
막걸리싸롱 마곡나루점,010-8121-3370,서울 강서구 마곡서로 152 두산더랜드타워 A동 1층 111호,과일막걸리 해물수북파전 과일스무디 치즈김치전 윷막걸리세트(A) 해물짬뽕탕 닭도리탕 
두레박민속주점,02-507-2680,경기 과천시 별양상가2로 20,닭불꼬치구이 모듬소세지 대하 낙지볶음 오돌뼈볶음 
막샵,02-888-6201,서울 관악구 신림동길 17,하얀연꽃막걸리 꿀막걸리 알밤막걸리 
담다,02-579-0304,서울 서초구 강남대로30길 72,청명주 
촌구석민속전,031-447-8880,경기 안양시 만안구 안양로405번길 28,모듬전 김치전 부추전 닭똥집 동태전 
초월집,,서울 마포구 독막로7길 45 2층 초월집,초월 소고기 스지 전골 고추장 로제 모듬순대 페퍼로니 치즈 감자전 크림 낙지 육회 바지락 크림 술찜 명란 감바스 석탄 튀김 시저 샐러드 베이컨 루꼴라 말이 
최고집,02-871-3365,서울 관악구 신림로59길 15-12,모듬전 해물파전 치즈감자전 
산장,02-322-3637,서울 마포구 와우산로18길 10 1층,닭볶음탕 해물파전 얼큰한 알탕 감자전 낙지철판 버섯제육철판 불낙지철판 불오징어철판 낙지볶음소면 
교동전선생 보라매점,070-4255-0410,서울 관악구 봉천로7길 31,"모듬전 김치,순두부,된장,해물계란찜 정식세트 해물파전 굴전 감자전 김치전 제육볶음 정식세트 두부김치 홍합탕 막걸리 한 주전자 알밤 막걸리 동그랑땡 동태전 삼색전 부추전 "
산장,02-322-3637,서울 마포구 와우산로18길 10 1층,닭볶음탕 해물파전 얼큰한 알탕 감자전 낙지철판 버섯제육철판 불낙지철판 불오징어철판 낙지볶음소면 
교동전선생 보라매점,070-4255-0410,서울 관악구 봉천로7길 31,"모듬전 김치,순두부,된장,해물계란찜 정식세트 해물파전 굴전 감자전 김치전 제육볶음 정식세트 두부김치 홍합탕 막걸리 한 주전자 알밤 막걸리 동그랑땡 동태전 삼색전 부추전 "
잔치집,02-2633-3331,서울 영등포구 영등포로50길 5-1,잔치집모둠전 잡고기 매운탕 닭도리탕 무뼈닭발 통마늘닭똥집 차돌된장찌개 돼지김치찌개 부대찌개 참치김치찌개 고기순두부 콩비지 알탕 동태찌개 오삼불고기 오징어볶음사리 
미주류 어린이대공원역점,0507-1318-6409,서울 광진구 동일로32길 18,한돈보쌈 한우육회 등심튀김 치즈감자전 청어알&두부 쭈꾸미볶음&소면 해물파전 메밀전병 동그랑땡전 감태밥 
거나하게,0507-1324-1242,서울 강남구 역삼로14길 10 1층 거나하게,갓김치를 곁들인 삼겹살조림 살치살 타다끼 항정살 된장 구이 새우 파전 육전과 참나물 무침 칼빔면 두부 탕수 닭껍질 만두 닭볶음탕 거나하게 튀김 
종로주막 부천본점,032-612-4542,경기 부천시 신흥로46번길 57,모듬전 해물파전 알새우전 홍어무침 오징어볶음 닭똥집 부대찌개 닭볶음탕 
옛골주막,010-6288-6280,경기 광명시 하안로287번길 22 신영빌딩 2층,해물파전 김치전 부추야채전 김치&부추 반반 감자전 메밀전병 숮불막창 국물닭발 골뱅이무침 코다리 양념구이 돼지껍데기 닭볶음탕 굴짬뽕탕 해물누룽지 황태탕 
풍년왕막걸리 석남점,032-582-8158,인천 서구 신석로 83,김치보쌈 대 김치보쌈 소 일반보쌈 삼합 황태보쌈 해물누룽지탕 
짚동가리쌩주 서현점,031-708-1377,경기 성남시 분당구 황새울로360번길 28 은성프라자 201호,사골해물어묵탕 게살퐁당계란탕 수육짜글이 
금잔화,0507-1353-6316,서울 강북구 월계로7길 42 1층,
인동주마을,032-682-7889,경기 부천시 평천로 702-7,홍어삼합 국내산 홍어삼함 국산+칠레 홍어찜 홍어무침 인동주웃주 
신평양조장,041-362-6080,충남 당진시 신평면 신평로 813 신평양조장,단체체험- 명인연잎주빚기 (15인~) 개인체험- 한지공예 등만들기 체험 단체체험- 막걸리소믈리에Class 단체체험- 누룩전만들기(15인~) 개인체험 - 쌀누룩입욕제 만들기
교동전선생 종로구청점,0507-1314-9909,서울 종로구 삼봉로 62,초당두부짜글이 하얀강릉초당순두부 모듬전 소고기육전 
전장터,0507-1409-2622,경기 용인시 수지구 문인로31번길 3-6 1층 전장터,백두산 모듬전 찌개 해물부추전 김치전 호박채전 감자채전 치즈고추전 대패삼겹 깻잎전 골뱅이소면 마른안주 셋트 통뼈 국물 닭발 두부 제육 김치 장터라면 대패삼겹 숙주볶음 로제떡볶이 간장 계란 볶음밥 
놀부전흥부전,02-2611-3225,서울 구로구 경인로25길 21,
전초전 삼선교점,02-742-9134,서울 성북구 삼선교로 34-1,
반층집,070-8691-1231,서울 영등포구 당산로32길 7-4 1.5층,
그때그집 별관,02-539-0053,서울 강남구 삼성로100길 16 한화빌딩,
만석골,02-745-1942,서울 종로구 돈화문로11길 18,양선지국 김치찌개 청국장 오징어볶음 녹두전 오삼불고기 육전 모듬 해물파전 굴전 감자전 동태전 새우전 김치전 부추전 
미스터비어드,0507-1353-9772,경기 성남시 수정구 위례서일로3길 27-6 미스터비어드,이달의메뉴 
연대포,02-3141-3131,서울 서대문구 연세로7길 26,모듬전 고추튀김 해물파전 왕족발(칠레산) 훈제치킨(국내산) 감자전 김치전 반반전 반반파전 김치해물파전 
한계령 선학본점,032-819-0080,인천 연수구 학나래로6번길 11,동해막국수 
서울막걸리,031-464-7550,경기 안양시 만안구 양화로135번길 23,
술이송송,0507-1306-7731,서울 광진구 아차산로29길 41 2층,"막걸리,전통주 안주 "
탈롱드청담,0507-1363-5159,서울 강남구 압구정로79길 37-6 1층,탈롱 오일 파스타 청어알 파스타 항정살 보쌈 미나리 파스타 치즈감자전 삼계 닭튀김 두부크림을 곁들인 갑오징어 버터구이 문어 세비체 
짚동가리쌩주 숭실대점,02-812-2010,서울 동작구 상도로61길 44,
막끌리나,0507-1409-1305,인천 부평구 경원대로1403번길 34 3층,
청학동지짐이,031-392-3944,경기 군포시 산본동 1119-1,
여정막걸리,02-585-0515,서울 동작구 동작대로3길 10,문어숙회 가리비 새꼬막 과메기 홍어삼합 해물부추전 간재미회무침 막걸리 수육 간재미찜 가오리회무침 생선구이 해물김치전 
페페,0507-1319-1484,서울 서초구 언남길 64 덕성빌딩 1층,수제맥주 막걸리 
교동전선생 석계역점,02-943-1870,서울 노원구 화랑로 337-15 2층,
왕빈자전통주막 경안점,0507-1435-3018,경기 광주시 경안로 14-11 광동빌딩 1층,모듬전 조개탕 해물파전 베이컨김치치즈전 체다 치즈감자전 도토리묵 사골 오뎅탕 골뱅이무침 물뱅이&소면 우삼겹떡볶이 우삼겹짜글이 비빔국수 먹태 도토리묵 물뱅이&소면 
왕빈자전통주막 봉천역점,02-877-5557,서울 관악구 남부순환로 1739-3,모듬전 치즈전 해물파전 연탄불고기 꼬막무침 우삼겹떡볶이 갑오징어숙회 골뱅이무침 물뱅이 낙지볶음 쭈꾸미볶음 먹태 유부오뎅탕 도토리묵무침 조개탕 
옛날옛적에,02-354-5228,서울 은평구 은평로9길 30,홍어삼합 한방보쌈 해물파전 오늘의메뉴(점심밥상) 들깨버섯탕(3-4인) 과메기 (겨울철) 토종닭볶음탕 엄나무 오리백숙 엄나무 토종 닭백숙 코다리찜 삽겹살 김치찜 홍어탕 해물순두부 꽃게찌개 제육볶음
경성주막,02-928-5778,서울 동대문구 천호대로 7-10,
전초전 쌍문역점,02-997-7997,서울 도봉구 도봉로110나길 13,모듬전 부추전 김치전 배추전 통돼지 김치찌개 감자전 두부전 치즈김치전 깻잎전 호박전 동그랑땡 고기김치전 해물김치전 해물부추전 동태전 
멍텅구리육천냥하우스,02-355-1186,서울 은평구 역말로 24,김치찜 대 매운돼지갈비찜 대 묵은지갈비찜 대 묵은지닭볶음탕 굴보쌈 대 
파전한판,031-204-1292,경기 수원시 영통구 청명북로7번길 6,"해물 파전, 부추전, 김치전, 녹두전 등 굴파전, 모듬전, 굴전, 동그랑땡 등 솥뚜껑파전(동래파전) 해물탕, 어묵탕, 김치찌개, 두부김치 해물찜, 골뱅이무침, 돈껍데기, 과메기 등 전메뉴포장판매, 생반죽, 생막걸리판매 "
교동전선생 문래점,02-322-6487,서울 영등포구 경인로 775,김치뚝배기 된장뚝배기 순두부찌개 해물계란찜 쭈꾸미볶음 
월선네 상암점,0507-1485-9779,서울 마포구 월드컵북로54길 17 2층 217호,
그주막,02-499-1605,서울 광진구 동일로22길 59 B1,막걸리 그주막인생전요리 도토리묵 전세트 두부김치 전세트 닭볶음탕 전세트 
놀부주막,0507-1326-0363,경기 화성시 병점로 48 1층 101호,모듬전 육전 해물파전 새우전 동그랑땡 꼬치전 고추전 동태전 깻잎전 해물김치전 부추전 두부전 동태+깻잎 동태+고추 고추+깻잎 
박달재,031-684-6304,경기 평택시 안중읍 현화중앙길 1 세연프라자,
행복전 초지동점,031-411-1833,경기 안산시 단원구 초지2로 67-7 한양타워,
명동주가,031-319-7720,경기 안산시 단원구 초지2로 67-11 초지동 107호 1층 명동주가,"낙지소면 삼겹볶음 닭매운탕 돼지숙주볶음 파전 코다리구이 매콤주꾸미볶음 삼합(대) 삼합(중) 보쌈(대) 보쌈(중) 낚지차돌밖이철판 이외 탕,전류 다수 "
슈릅,031-403-4308,경기 안산시 단원구 광덕대로 174,
홍당무,031-503-2297,경기 안산시 상록구 한양대학로 48,멸치 칼국수 바지락 칼국수 들깨 칼국수 비빔 칼국수 만둣국 
구포국수,031-405-9894,경기 안산시 단원구 초지2로 67-11 두산타운,멸치국수 
전이랑술이랑,031-419-5331,경기 안산시 단원구 광덕3로 175-3 21세기타운,모듬전 해물파전 굴전 감자전 김치전 부추장떡 부추전 누룽지동동주 쌀막걸리 장수막걸리 
민속주점주담,,경기 안산시 단원구 광덕3로 167-18,
대박전 중앙점,031-485-1889,경기 안산시 단원구 고잔1길 45 G.M프라자,태극전 대박set1 태극전+찌개선택1 대박set2 모듬전中+찌개선택1 대박set3 김치전+도토리묵무침or살얼음묵사발 대박치즈전 동태전 애호박전 모듬전 中 모듬전 大 오징어순대전 매운김치전병 홍두깨육전 감자전 김치전 매운김치전
우리동네해물파전,031-502-0333,경기 안산시 상록구 항가울로 19,
옥향민속주점,,경기 안산시 상록구 서암로 5,
민속전,031-403-9927,경기 안산시 단원구 고잔로 112 신광프라자,
전국민,031-413-1880,경기 안산시 단원구 고잔로 112 신광프라자,
토인민속주점,031-487-8951,경기 안산시 단원구 와개1길 13 1층,오징어초무침 골뱅이 소면 낙지소면 두부김치 항아리수제비1인분 계란말이 모듬감자튀김 왕새우튀김 후라이드치킨 양념치킨 닭도리탕(대) 알탕 해물파전 부추전 김치전
미혹,0507-1479-0317,경기 안산시 단원구 초지2로 67-7 1층 124호,안산 최대 지역 전통주 / 제철 메뉴 
한우물,031-502-8552,경기 안산시 상록구 석호로 364,우렁부추전 홍어삼합  해물파전 닭발볶음 도토리묵묵무침  계란말이 골뱅이무침 김치전 훈제오리리야채쌈  감자전 산나물전 두부김치 
광장민속주점,031-410-5743,경기 안산시 상록구 예술광장1로 124,
청송얼음골막걸리 부곡점,031-415-1566,경기 안산시 상록구 정재로2길 1,
전주전집,02-581-1419,서울 동작구 동작대로7길 19,꿀돼지 삼겹전 동그랑땡 전병 감자전 김치전 깻잎전 / 고추전 배추전 / 두부전 / 부추전 / 호박전 표고버섯전 소고기 안심전 녹두전 홍어무침 홍어회 해물파전 해물김치전 암행어사 세트(7~8인)
묵전,02-548-1461,서울 강남구 언주로168길 22,
주전자속에얼음막걸리 신길점,,경기 안산시 단원구 신길중앙로 9-1,
목로주점,032-571-5943,인천 서구 가정로 202,보쌈 중 감자탕 파전 수육추가 굴무침추가 보쌈 대 보쌈 소 
우리술집 다람쥐,070-4258-8880,서울 종로구 서순라길 101 1층,다람쥐 순두부찌개 
장군집 본점,02-882-0562,서울 관악구 청룡2길 19,기본한상 막걸리 3병+안주 볶음삼겹살 매콤 파 삼겹살 골뱅이+소면 홍어사시미 홍어찜 김치찌개 동태찌개 낙지데침 계란말이 꼬막 머리고기 김치전 파전
대반전 신풍역점,0507-1404-2778,서울 영등포구 신길로 108 남서울아파트,명절전세트 모듬전무한리필+곱도리탕中 모듬전무한리필+매운갈비찜 모듬전무한리필+닭볶음탐 모듬전무한리필+국물닭발 모듬전무한리필 해물파전 
다모토리 히읗,070-8950-8362,서울 용산구 신흥로 31 1층,복순도가 갈비구이와 부추샐러드 샘플러 막걸리 한세트 해물김치전 부추 버섯전 골뱅이무침 다모토리 육회 베이컨 치즈 계란말이 치즈 불 제육 도토리묵 무침 고등어 구이 
화성탁주,031-353-0020,경기 화성시 남양읍 송림로 24,
술익는마을,02-338-1190,서울 서대문구 연세로7길 22,해물파전 김치삼겹살 해물떡볶이 매운닭발 참치다다끼 부추전 김치전 해물라면짬뽕탕 매콤한고추장찌개 알탕 밀푀유나베 닭볶음탕 간사이오뎅탕 모듬해물탕 해물누룽지탕 
백곰막걸리,0507-1377-7644,서울 강남구 압구정로48길 39 1-2층,
전싸롱,0507-1496-2728,경기 수원시 팔달구 경수대로446번길 62 1층,
나그네민속주점,031-319-4903,경기 시흥시 중심상가로 158,
시골막걸리,,경기 시흥시 군서로10번길 31,
교동전선생산본,031-393-1700,경기 군포시 산본로323번길 15 동산상가,모듬전 육전 2색 전 반반전 해물파전 굴전 감자전/김치전/부추전 골뱅이소면 두부김치 통돼지 김치찌개 어묵탕 도토리묵 순두부계란찌개 김치찌개 잔치국수
별주막,0507-1310-7016,경기 군포시 산본로343번길 23 옥산프라자 205-206호,막걸리 
양반전,031-226-6626,경기 화성시 병점동로164번길 38 1층 양반전,
교동전선생 서울시청점,02-6031-8949,"서울 중구 남대문로9길 40 센터플레이스 1층 104,105호",모듬전 고향막걸리(大) 해물파전 생새우미나리전 지평막걸리 
막걸리싸롱,02-324-1518,서울 마포구 와우산로21길 12-6 1층,
교동전선생 동여의도점,02-786-7686,서울 영등포구 의사당대로1길 25 하남빌딩 117호 118호,김치찌개 정식 된장찌개 정식 고추장 불고기정식 순두부찌개 정식 해물계란찜 정식 
학술적연구소,0507-1465-8101,서울 종로구 보문로1길 7-4 1층,
우아한막걸리,0507-1405-6411,경기 안양시 동안구 동편로27번길 7 동편로27번길7 1층 대로변,한우육회와 참문어 
연남주막1987,070-4143-1987,서울 마포구 동교로 212-5,
피팅룸,0507-1478-9301,경기 수원시 영통구 센트럴파크로127번길 131-6 1층,스지전골 동파육 버섯 구이 
월선네 분당구미점,0507-1427-3385,경기 성남시 분당구 성남대로 51 162호,
노천파전,02-968-2494,서울 동대문구 회기로28길 3,떡만두국 오뎅국수 꼬막찜 굴전 홍합탕 
서울주막,,경기 부천시 범안로 54 그린홈프라자,
장끼전,010-2436-1633,서울 마포구 성미산로 190-33 B1,
미주류 본점,0507-1301-4864,서울 광진구 면목로 31 1층,한돈보쌈 한우육회 치즈감자전 등심튀김 청어알&두부 메밀전병 쭈꾸미볶음&소면 해물파전 감태밥 동그랑땡전 생골뱅이 무침 애호박전&건명태무침 
사랑방,02-515-4699,서울 강남구 봉은사로1길 9,
심마니,02-469-1113,서울 광진구 아차산로31길 20-4,막걸리 김치전 해물파전 해물부추전 심마니전 쥐포 계란말이 계란탕 순두부찌개 두부김치 돼지찌개 참치찌개 알탕 골뱅이 쭈꾸미볶음 
대청마루,0507-1352-7565,경기 수원시 팔달구 향교로 19 농강빌딩,
종부네,010-4305-1805,서울 동작구 동작대로27가길 37 2층,1+한우양념육회 통골뱅이파무침 국내산김치듬뿍김치전 김치제육볶음 전통주잔술 주류및 음료 한우육전 치즈감자채전 종부네파전 1+한우육회 오뱅새세트 오뎅전골 마약옥수수전
교동전선생 목동점,02-6342-0102,서울 양천구 목동동로 233-1 드림타워,
막걸리학교,02-6012-6550,서울 동작구 동작대로25길 41,
작은집,0507-1423-0806,서울 양천구 신월로10길 16 110호 작은집,메뉴판 
도솔마을,0507-1437-3601,경기 성남시 분당구 내정로113번길 6 1층,
왕빈자전통주막 송도점,070-7543-7338,인천 연수구 아트센터대로 107 301동 1층 109호,
화양주막,02-3409-7337,서울 광진구 아차산로27길 4 1층,곱도리탕 육새우전 차돌만두전골 치즈감자채전 콘치즈김치전 삼겹김치전골 차도리탕 옛날 순두부전골 참치김치전골 삼겹두부김치 편도리묵 골뱅이 묵무침 육전 삼도리탕 닭도리탕 
호호알락막걸리카페 본점,0507-1321-3894,인천 부평구 경원대로1431번길 44 2층,
월매 민속주점,02-585-7717,서울 관악구 남현1길 58,모듬전 가오리찜 해물파전 월매해물잡탕 두부오징어두루치기 홍어삼합 홍어회 홍어회무침 치킨+감자튀김 후라이드치킨 묵은지돼지김치찜 해물누룽지탕 오뎅탕 두부전골 부대찌개 
좋은날목로주점,032-461-6670,인천 남동구 독곡로48번길 28,오징어초무침 오삼겹볶음 돼지김치두루치기 가오리찜 고추장삼겹볶음 
주주마당,02-2683-4504,경기 광명시 오리로 1005,
돌아온 김삿갓,02-323-7589,서울 서대문구 연세로7안길 4,
버킷,0507-1377-3037,경기 부천시 신흥로 170-1,슈바인학센 
항아리,031-8043-1932,경기 오산시 원동로37번길 29 항아리,A코스 B코스 C코스 D코스 과일 골뱅이무침-대 골뱅이무침-소 골뱅이 물회 오삼볶음 치킨너겟 과일화채 육포 마른오징어 노가리 모듬소세지볶음 
추억속으로,0507-1398-3550,인천 계양구 계산새로 93 205호,
연대포 분점,0507-1376-7603,서울 서대문구 연세로9길 17 1층,반반전 
작,02-501-2342,서울 강남구 논현로95길 14 101호,우리술 
전과막국수하우스,0507-1464-0887,인천 연수구 샘말로 15-1 1층,모둠전 한우육전+새우전 녹두전 막국수+돼지갈비 부추새우전 굴전(계절) 골뱅이무침 한우육전 새우전 감자전 김치전 육전깻잎전 
유객주 평촌역점,031-382-8111,경기 안양시 동안구 관평로182번길 31,
이화주막,02-3676-3313,서울 종로구 돈화문로5가길 31-1,
막걸리학교,0507-1498-3009,서울 서초구 방배천로 12-5 1층 막걸리학교,봉평 메밀 고기 김치전 해물 듬뿍 미나리 부추전 김치제육두부김치 벌교반건조가오리찜 국내산돼지고기수육 불낙전골 홍어삼합 매운 콩나물 오징어볶음 낚지볶음 소면 오징어통찜 지리산 도토리묵 
뚱땡이네,02-898-6412,경기 광명시 기아로 22 한성빌딩,
행복가 미금점,031-608-3131,경기 성남시 분당구 성남대로172번길 12 현대아리온 오피스텔,모듬전 해물파전 녹두전 동그랑땡 쪽갈비 막걸리 
한우물,0507-1338-1628,인천 남동구 장승남로 54,
오씨네술집(PART2),02-355-0130,서울 은평구 서오릉로 60,화이트에일 페일에일 오트밀스타우트 
주전자,031-938-1100,경기 고양시 덕양구 화신로260번길 41 동성골드프라자,
찌그러진주전자에얼음막걸리,0507-1311-6102,경기 시흥시 봉우재로 57,얼음막걸리 
무월,0507-1420-3060,서울 강남구 봉은사로4길 21,한방 바베큐보쌈 고추튀김 모둠전 生연어사시미 낙삼볶음 탱글새우전 가리비 조개탕 딸기바나나우유 막걸리 수박 막걸리 블루베리 막걸리 청포도 막걸리 토마토 떡볶이 
부엉이산장 연신내 본점,010-9044-9901,서울 은평구 연서로25길 6-18 1층,곱대리탕 (곱창+대창+닭) 곱도리탕 (곱창) 모듬전 반반전(해물파전+김치전) 치즈감자채전 육새전(소고기+새우) 항정수육&보쌈김치 고추장육회 묵도리탕(묵은지) 꽃도리탕 (꽃게) 닭도리탕 해물파전 김치전 한우 육사시미 삼겹김치전골 
소주방,0507-1351-0896,"서울 마포구 동교로 266-12 1층,2층",오겹보쌈 꼬치어묵 김치우동 전라도식육회 소고기육전 컵라면 볶음밥 꿀호떡 아이스크림 짜계치 순두부 열라면 삼겹 두부김치 통삼겹 김치찌개 설탕토마토 육회비빔밥 먹태 막걸리(지평/공주알밤/고구마동동) 
따로집,0507-1325-2455,서울 마포구 양화진길 6 1층 따로집,막걸리 우리술 Signature Cocktail 
지리,02-6396-3646,서울 마포구 월드컵로3길 31-5 2층,맡김차림 1인 담은 꽃잠 오늘의막걸리3잔
오와리 주막,0507-1349-9512,서울 성동구 왕십리로4길 24 1층,오와리곱도리탕 두부김치삼합 육새전 트러플치즈감자전 통마늘닭똥집볶음 오와리막걸리 
월선네 미금점,0507-1480-0922,경기 성남시 분당구 정자일로6번길 13,청국장과황태구이세트(1인세트메뉴) 청국장과고등어구이(1인세트메뉴) 청국장과제육볶음(1인세트메뉴) 청국장과보쌈세트(1인세트메뉴) 전통 육개장 바지락순두부찌개 뚝배기불고기 고추장찌개 옛날 청국장찌개 월선네장터국밥 해물김치전 월선네스페셜 홍어삼합 문어삼합 문어숙회
막걸리열전 부평점,0507-1350-3215,"인천 부평구 경원대로1403번길 13 4,5층","전10가지 무한리필 (1인) 막걸리,소주 무한리필 (1인) 전2세트 모듬전"
해방촌 윤주당,0507-1420-5765,서울 용산구 신흥로 81-1 1층,치즈감자전 꽈리고추목살구이 전통주 쫀득고기 제주막창순대 고기김치전 간재미무침 투뿔한우육전 오징어땡초전 수제닭발편육 묵은지참치말이 외할머니호박찌개 
대반전 모란점,031-758-2778,경기 성남시 중원구 광명로 33-1 1층  대반전,세트1(모듬전+곱도리탕) 세트3(모듬전+닭볶음탕) 세트2(모듬전+곱창전골) 세트4(모듬전+김치찌개) 무한리필 모듬전
김가네빈대떡,031-748-0376,경기 광주시 남한산성면 남한산성로 774 1층 김가네빈대떡,골뱅이 소면 산성 손두부 도토리묵 녹두빈대떡 감자전 해물파전 해물김치전 오닭발 똥집볶음 오돌뼈볶음 얼큰술국 유부오뎅 순대국밥 순두부백반 잔치국수 
주막,0507-1330-1680,서울 강북구 월계로7나길 30-3,그대로 슬라이스 감자전 해물지지미 소고기육전 마약항정살+상추겉절이 쫄뱅이무침 청량주 막걸리 하얀연꽃 막걸리 땡초고추 부추전 주막 해물 김치전 감치전 탱글탱글 왕새우전 주막 육새전 원조세트 완소세트 마약세트 
월선네 수내역점,031-717-3060,경기 성남시 분당구 백현로101번길 13 월드프라자 204호,
전전막걸리하우스 송도점,0507-1393-2221,인천 연수구 컨벤시아대로 126 푸르지오월드마크 119호,
더다믐,0507-1358-7971,서울 마포구 동교로38길 30 2층,전통주 와인 
호박,02-355-6544,서울 은평구 연서로27길 16-11,김치전 모듬전 두부김치 해물부추전 감자전 시골도토리묵 닭똥집(기름장)볶음 해물떡볶이 해물파전 김치전/해물파전 오돌뼈볶음 낙지볶음소면 쭈꾸미불고기 골뱅이소면 치즈해물떡볶이 
가제트술집 합정본점,02-336-8865,서울 마포구 양화진길 5 합정아파트,김포금쌀생막걸리 가제트꿀막걸리 경북봉화청량주 땅콩막걸리 낙지볶음 칼국수 조개탕 생감자전 전통녹두전 즉석생감자전 해물가득해물전 녹두전과  해물전 해물전과 즉석 생감자전 
시골막걸리와부침개 인덕원점,031-424-7858,경기 안양시 동안구 인덕원로24번길 28,동태전 해물파전 생굴전 부추전 감자전 녹두전 호박전 김치해물전 두부김치 계란말이 도토리묵 감자전병 닭볶음탕 동태찌개 알탕 
주모1974,0507-1349-3260,경기 용인시 기흥구 구갈로72번길 10-1 2층,소고기육전 모둠전 얼큰해물알탕 곱창전골+우동사리 매콤김치우동어묵탕 먹태와 땅콩 계란탕 
유객주 사당점,0507-1400-5026,서울 관악구 남현1길 58 3층,특선모둠오뎅탕 일품나가사끼짬뽕 통오징어한판떡볶이 골뱅이소면 매콤오돌뼈&주먹밥 치즈불닭 모듬부대전골 아이스과일Big펀치 
별주막 과천본점,02-504-7016,경기 과천시 별양상가1로 37 신라상가 B105호,막걸리 프리미엄막걸리 
무명집,02-323-2016,서울 마포구 와우산로 30,가정식 술상 반반전 생맥주 막걸리 병맥주 치즈감자전 홍어삼합 해물떡볶이 닭도리탕 
미주월,0507-1397-6965,"인천 남동구 인하로507번길 34 2동 2, 3층",치즈 감자전 전통주 옥수수전 대패삼겸 통두부김치 소주&맥주 
조롱박,02-883-5574,서울 관악구 남부순환로 1917 지하 1층,모듬전 불고기파전 두부김치 닭똥집볶음 지평막걸리 사곡알밤막걸리 가평잣막걸리 덕산막걸리 꿀막걸리 검은콩막걸리 
막걸리싸롱,02-324-0998,서울 서대문구 연세로11길 10,딸기바나나스무디막걸리 삼겹김치전 두부김치 해물수북파전 해물짬뽕탕 
문출래 전,0507-1336-8691,경기 안양시 동안구 경수대로544번길 6,모듬전 
대가,032-423-1052,인천 미추홀구 미추홀대로734번길 31-1 연화장모텔,매운돼지갈비찜-대 매운돼지갈비찜-중 홍어삼합 홍어무침 홍어회 
대반전 구래역점,0507-1352-9593,경기 김포시 김포한강9로 80 다온프라자 115호 대반전 구래역점,
이리오너라,02-732-5979,서울 종로구 종로12길 21 평구빌딩,
판자집,02-312-0044,서울 서대문구 연세로2길 29,닭매운탕 버섯전골 해물파전 
청송얼음막걸리 신대방삼거리역점,0507-1408-0338,서울 동작구 여의대방로24길 133,닭도리탕 
몽아,02-2135-2489,서울 광진구 면목로 29 1층 몽아,얼그레이하이볼 12개 탄생화 칵테일 스패니쉬 버터 갈릭새우 돼지고기짬뽕탕 특수부위 닭튀김 닭갈비스튜 눈꽃사르르 치즈볼 골라먹는 모둠고로케 해물누룽지탕 쭈꾸미 제육볶음 돈까스김치나베 새우 쭈꾸미 카르파쵸 돈사골우동 외로울 때 세트 슬플 때 세트
주막골,,경기 군포시 군포로 532,
유객주 서울대점,02-889-1120,서울 관악구 남부순환로224길 13,크런치닭강정 반건조오징어 한치 트리플 볼 샐러드 타코와사비 케이준치킨샐러드 만다린황도 그리시니과일샐러드 크릴치킨샐러드 매콤깐풍치킨 버팔로윙 모듬플래터 모듬감자튀김 반반닭똥집 모듬포구이 
녹두빈대떡,,서울 영등포구 영신로 28,닭도리탕 닭백숙 옻 닭 닭강정 닭똥집튀김 살로만치킨 녹두빈대떡 해물파전 해물부추전 고추전 동그랑땡 햄소시지 동태전 
교동전선생 신도림역점,02-2632-8766,서울 구로구 경인로67길 23 신도림2차푸르지오,
이:끔,0507-1318-0918,서울 마포구 동교로46길 24-2 2층 이끔,한돈안심 직화구이 트러플리조또 창란젓덮밥 스카치에그 사천식 닭냉채 맑은 바지락국 두부구이 1++한우육회와 김부각
다전,,서울 관악구 난우길 21,
장터주점 한국민속촌 인사동점,02-6954-2858,"서울 종로구 인사동길 49 4층 19호, 20호",장터 쇠고기국밥 갈비탕 해물파전 육전 꼬막무침 홍어삼함 
고구려민속주막,0507-1427-1445,서울 송파구 올림픽로32길 18 경진빌딩 지하1층,모듬전 김치전 해물파전 동태전 부추전 
나누리주막집,,경기 시흥시 연성로13번길 3,
막걸리는 살아있다,0507-1321-1941,서울 강남구 도산대로51길 39 B1,
몽로,0507-1332-3035,서울 구로구 새말로18길 20-11,두부김치 해물파전 
심산애,02-734-1112,서울 종로구 자하문로1길 33,
파동추야,02-822-5988,서울 동작구 상도로58길 4 경원빌딩,솥뚜껑 무우전 솥뚜껑 해물파전 솥뚜껑 김치전 솥뚜껑 해물김치파전 솥뚜껑 감자전 솥뚜껑 참치야채전 솥뚜껑 카레전 솥뚜껑 불고추전 솥뚜껑 피자파전 어묵탕 떡국계란탕 번데기탕 두부김치 쥐포구이 오징어땅콩 
느티나무,031-485-0934,경기 안산시 단원구 화랑로 149 안산시민시장,천원막걸리 
번지없는주막,,경기 안산시 단원구 보배3길 3,
역전주막,,경기 안산시 상록구 매화로3길 59,
고향막걸리,031-494-9759,경기 안산시 단원구 부부로2길 7,
막걸리최,031-493-6102,경기 시흥시 군자로 520 동운디오빌102호,해물파전 골뱅이묵무침 
우이락,0507-1438-5594,서울 마포구 포은로8길 22,고추튀김3개 육전 모듬전(2~3인) 11가지 해물파전 홍어무침&쫄면 해물김치전 부추쫄면 매콤해물라면 해창막걸리6도 느린마을 송명섭막걸리 우렁이쌀드라이 백련스노우 제주우도땅콩 감귤막걸리
오두막막걸리,070-4223-8310,경기 시흥시 군서로46번길 7-1,
빛고을,031-401-3330,경기 안산시 단원구 와동공원로 169,
월매,,경기 안산시 단원구 와동공원로 176 다인빌,
막리단길 시흥목감점,070-7543-2941,경기 시흥시 솔고개길 4-5 목감의아침 1층 103호,막리단길 쟁반술상 
한국술집 안씨막걸리,010-5172-2229,서울 용산구 회나무로 3 아름누리빌딩 1층,한입거리 송고버섯 한입거리 밀전병 호박꽃 줄무늬 전갱이회 
만취로,010-9205-0254,인천 연수구 송도과학로28번길 8 2층 212호,꽃도리탕 치즈감자전 육새전 김치전 해물파전 육전 새우전 소주한짝해물오뎅탕 불맛얼큰차돌탕 동네1등골뱅이소면 직화무뼈닭발 오돌뼈 김치메밀전병 뚱란말이 ㅡㅡㅡㅡㅡㅡㅡ
낯선한식븟다,070-7543-5250,서울 동작구 사당로30길 28 1층,대대포막걸리 도문대작막걸리 
오자네왓능가,031-236-8810,경기 수원시 팔달구 효원로265번길 25,"닭볶음탕 통북어찜, 오징어찜 홍어무침 각종 탕류 식사류 "
휘영청,0507-1405-0279,경기 수원시 장안구 정자천로173번길 17 투대일타운,닭볶음탕 오색전 해물파전 감자치즈전 골뱅이무침 오삼불고기 돼지고기김치찌개 묵사발 삼색전 소고기육전 해물부추전 오징어김치전 얼큰만두전골 
교동전선생 안양범계점,0507-1440-3318,경기 안양시 동안구 평촌대로223번길 19 대건상가,모듬전 해물파전 동동전 김치전 부추전 녹두빈대떡 김치찌개 순두부찌개 해물계란찜 어묵탕 알밤막걸리 옥수수막걸리 
두메산골,031-216-6151,경기 수원시 팔달구 중부대로239번길 29,두부김치 골뱅이 소면 도토리묵 감자전 닭볶음탕 
한국술집건,0507-1349-5075,경기 안양시 동안구 평촌대로223번길 27 3층,닭다리와 순살 닭볶음탕 대창술국 육회+카나페 
술토리,032-815-9713,인천 연수구 경원대로483번길 18 101호,뢰스티 베이컨치즈전 저염 백명란 구이 
정작가의 막걸리집,0507-1318-2932,서울 동작구 동작대로33가길 8,순대크림스튜 수소문 
백세주마을 종각점,02-720-0055,서울 종로구 우정국로2길 10,생백세주 국순당 생막걸리 황제어묵탕 흑돼지맥적구이 토종모듬순대 
이박사의신동막걸리,02-702-7717,서울 마포구 토정로 263,신동막걸리 굴조개찜 한우등심구이 진짜 녹두전 경상도 배추전 소고기 육전 늙은 호박전 우엉전 제육 육회 찐어묵탕 오징어순대 노가리 
청사초롱,031-442-1144,경기 안양시 만안구 안양로304번길 34,오뎅탕 돼지고기김치찌개 부대찌개 조개탕 닭도리탕 해물파전 계란말이 모듬전 해물치즈떡볶이 무뼈닭발볶음 삼겹살고추장불고기 골뱅이무침사리 쭈꾸미철판볶음 닭똥집구이 
막걸리집개코네,032-505-6334,인천 부평구 부평문화로53번길 7,생고기김치찌개 옛날고추장찌개 동태찌개 제육볶음 오징어볶음 황태두부탕 오뎅탕 무뼈닭발 골뱅이소면 낙지소면 고등어구이 돼지껍데기 코다리무침 오징어숙회 해물파전 
대반전 부천점,032-321-9593,경기 부천시 부일로237번길 30,솥뚜껑 곱도리탕 모듬전무한리필(4인까지) 모듬전(단품) 솥뚜껑 닭볶음탕 김치 짜글이 묵사발 세트1(모둠전+솥뚜껑곱도리탕) 세트2(모둠전+솥뚜껑닭볶음탕) 세트3(모둠전+솥뚜껑닭갈비) 국물닭발
백세주마을 삼성점,0507-1406-7103,서울 강남구 봉은사로 641 국순당빌딩,
개코막걸리,,경기 수원시 장안구 경수대로1073번길 10-8,두부탕 계란탕 두루치기 매운돼지갈비찜 조기매운탕 오징어볶음 계란찜 물오징어 두부김치 번데기 돼지껍질 닭발 동태찌개 라면 똥집 
줜막걸리아노,0507-1347-8843,서울 마포구 동교로 248-2,"모듬전 명란감자전 도가니볶음 순살갈치전 무만두,징거미새우 백골뱅이무침과 유기농면 미나리해물전 매생이무전,가리비 샐러드 두부김치 참치 김치찌개 김치전 막걸리,청주,증류주 "
방춘리,0507-1364-0344,서울 성동구 연무장7가길 5 1층 방춘리,육회김밥 육회 한우육전 
산체스 막걸리,02-735-0723,서울 종로구 윤보선길 26 지하1층,미국감자전 바지락술찜 부추꼬꼬전 김치전 떙초부추전 계란라면 사각사각깐포도 소주 음료수 송명섭막걸리 느린마을막걸리 선호막걸리 대대포막걸리 고흥유자막걸리 공주알밤막걸리 
사랑채 나혜석점,031-234-2847,경기 수원시 팔달구 권광로188번길 18 1층103호,모듬전 
왕빈자전통주막,032-466-1173,인천 남동구 서창남로 35,해물파전 육전파절이 녹두전 부추전 메밀전병 
장수막걸리,010-7417-4972,경기 수원시 권선구 효탑로 14,
솟대막걸리 양조장,0507-1323-9156,서울 관악구 신림로 305 3층,양조장수육 매운오징어콩나물(매콩) 얼큰닭탕 제육두부김치 치즈감자채전 해물파전 (오징어 or 고기 선택)김치전 치땡감자채전(절반땡초or전체땡초) 생감자채전 통골뱅이소면무침 뚝배기어묵탕 얼큰통북어바지락탕 뚝배기얼큰통북어탕 황태콩나물국 먹태구이 
든든,0507-1402-8782,서울 마포구 양화로6길 57-7,
등마루,,서울 관악구 장군봉2길 13 1층,
숨은골목,02-323-4633,서울 마포구 동교로34길 12,묵은지김치전 베이컨감자전 땡초부추전 해물파전 달걀육전 두부김치 두부짜그리 돼지짜그리 바지락탕 바지락볶음 제육볶음 골뱅이무침 간재미찜 계란말이 애호박전 
쌈전,0507-1351-0540,서울 서대문구 거북골로 21-8 1층~4층,
한맛인삼한약막걸리,031-793-3075,경기 하남시 수리북로 32,오도둑구이 왕꼼장어구이 등갈비구이 매운등갈비구이 무뼈닭발구이 돼지껍데기구이 시샤모구이 노가리구이 
개코막걸리,,인천 계양구 새벌로 120,
교동전선생 여의도에스트래뉴점,02-6404-4042,서울 영등포구 국제금융로2길 37 S-TRENUE,
달빛한스푼,02-535-8848,서울 서초구 방배중앙로 165 에코빌딩 1층,
산솔,0507-1352-2255,서울 용산구 신흥로 47,
막끌리네,032-468-1878,인천 남동구 인주대로681번길 8 1층 (구월동),수육•두부부침 파전 치즈감자전 닭볶음탕 홍어삼합 꼬막무침+소면 
단골손님 구로디지털점,0507-1376-2242,서울 구로구 디지털로32나길 22,
토담,02-701-9322,서울 용산구 청파로45길 37,
술개구리,0507-1446-1160,서울 마포구 양화로6길 77 2층,돼지고기 숙주볶음 술개구리 감자전 두부김치 해물 짱뽕탕 
뚱딴지냉막걸리 작전본점,032-542-0822,인천 계양구 효서로 363,
두레박7080라이브민속주점,031-399-1334,경기 군포시 산본천로 224-1,
번지없는주막,,경기 광주시 도척면 도척윗로 278,
술도둑,0507-1407-0552,경기 수원시 영통구 대학1로8번길 78-8,베이컨감자전 모짜렐라김치전 골뱅이소면 메밀전병 
대반전 오목교본점,0507-1417-3445,서울 양천구 신목로 102 대경프라자,
누룩나무,02-722-3398,서울 종로구 인사동16길 13,
잔칫집,0507-1358-9484,경기 광주시 경안안길 58,
김삿갓주점,02-2603-1550,서울 강서구 공항대로46길 83,
풍년막걸리,032-574-2560,인천 서구 가정로 122,
사랑마루,0507-1432-2426,경기 의왕시 오전로 216,
짚동가리쌩주 양재역점,02-574-7005,서울 서초구 남부순환로350길 19-5,육해공 고추장불고기 닭갈비 리코타치즈샐러드 새콤달콤골뱅이 소세지&후렌치후라이 소고기스테이크 짚쌩후라이세븐 오돌오돌 짜글이 깐풍치킨 봉봉 데리야끼 마늘똥집 순살 크리스피 치즈볼 
몽우,070-8233-0321,서울 광진구 면목로7길 13 1층,못된너부리 버럭 세트 득도한야옹이 동굴 세트 보노보노 무사안일 세트 포로리 요리조리 세트 큰도롱뇽 고독 세트 
바탕골전집,0507-1417-6113,인천 부평구 세월천로 11-8 1층 바탕골전집,
왕빈자전통주막 동탄2신도시점,031-373-8836,경기 화성시 지산1길 17-4 102호,
시골막걸리와부침개,,경기 안양시 만안구 양화로136번길 52,
주왕산얼음막걸리 병점점,,경기 화성시 효행로 1014,김치전 계란말이 파전 번데기 민물새우탕 
한우물,02-562-4430,"서울 강남구 남부순환로 2921 남서울종합상가1층 155, 168호",
인사동모퉁이,0507-1482-0261,경기 성남시 수정구 시민로 141 1층 인사동모퉁이,세트메뉴 5번 세트 메뉴 4번 세트 메뉴 3번 세트 메뉴 2번 세트 메뉴 1번 음료 사이다 콜라 산사춘 청하 맥주 소주 칠갑산 구기자 주(맑은 동동주) 인사동 막걸리(지평) 노가리 대구포 육포
정막걸리,0507-1320-8515,서울 성동구 마조로1길 40-1 지하1층,해물짬뽕탕 나가사키짬뽕 부대찌개 오뎅탕 해물순두부 김치찌개 고추장파불고기 꿀꿀이 두부김치 매콤불족발 소 매콤불족발 대 해물떡볶이 골뱅이 치즈계란말이 참치깻잎계란말이 초장오징어 
교동전선생 분당수내점,031-719-0299,경기 성남시 분당구 수내로46번길 20 맛자랑멋자랑,
허깨비주막,02-3675-5343,서울 종로구 종로52길 50-6,
교동전선생 서여의도점,02-786-4042,서울 영등포구 국회대로74길 12 남중빌딩,
막걸리연구소,0507-1338-8737,경기 화성시 동탄지성로 17 풍성위버폴리스 상가 B동 108호,